{
  "hash": "631a89cf",
  "configHash": "439705a6",
  "lockfileHash": "d527e51a",
  "browserHash": "3cfed77e",
  "optimized": {
    "@angular/common": {
      "src": "../../../../../node_modules/@angular/common/fesm2022/common.mjs",
      "file": "@angular_common.js",
      "fileHash": "f2e3fbdf",
      "needsInterop": false
    },
    "@angular/core": {
      "src": "../../../../../node_modules/@angular/core/fesm2022/core.mjs",
      "file": "@angular_core.js",
      "fileHash": "ad783ac6",
      "needsInterop": false
    },
    "@angular/platform-browser": {
      "src": "../../../../../node_modules/@angular/platform-browser/fesm2022/platform-browser.mjs",
      "file": "@angular_platform-browser.js",
      "fileHash": "2586a199",
      "needsInterop": false
    },
    "@angular/router": {
      "src": "../../../../../node_modules/@angular/router/fesm2022/router.mjs",
      "file": "@angular_router.js",
      "fileHash": "db11b2aa",
      "needsInterop": false
    }
  },
  "chunks": {
    "chunk-25YXU5OA": {
      "file": "chunk-25YXU5OA.js"
    },
    "chunk-76WCV54H": {
      "file": "chunk-76WCV54H.js"
    },
    "chunk-7T3XUILT": {
      "file": "chunk-7T3XUILT.js"
    }
  }
}